allsky,tile1,63.35254782999999,-88.43113949,10,continuous_variable,3.9634637793994914e-09,2.787225117373282e-09,1.0,new,1.0,False,False,True
allsky,tile1,65.10726488888889,-89.02245607777778,9,continuous_variable,2.667617238216735e-08,4.086215454890407e-08,1.0,new,1.0,False,False,True
allsky,tile1,53.69914938666667,-88.42910864000001,15,continuous_variable,1.0779854342501949e-08,1.0833631769457952e-08,1.0,new,1.0,False,False,True
allsky,tile0,12.9767754375,-88.604069175,8,continuous_variable,2.6464611058152343e-10,4.928469854448281e-10,1.0,new,1.0,False,False,True
allsky,tile1,57.2784724375,-88.4087108625,8,continuous_variable,9.908711184891672e-09,2.3774115121000253e-08,1.0,new,1.0,False,False,True
allsky,tile1,54.979397725,-88.43749883749999,8,continuous_variable,1.6445875772319596e-08,5.906340416750311e-10,1.0,new,1.0,False,False,True
allsky,tile1,54.90853013636363,-88.42874886363637,11,continuous_variable,3.346439569895665e-08,5.826100846206828e-08,1.0,new,1.0,False,False,True
allsky,tile1,67.33262768461539,-88.18140805384616,13,continuous_variable,9.237655640426111e-10,2.0049915061548518e-09,1.0,new,1.0,False,False,True
allsky,tile0,17.1043841625,-88.76787971249999,8,continuous_variable,1.1727406601380608e-08,3.207574872376994e-09,1.0,new,1.0,False,False,True
allsky,tile0,19.28512537777777,-88.82258444444443,9,continuous_variable,8.690095171237644e-11,2.44476772159885e-10,1.0,new,1.0,False,False,True
allsky,tile1,50.83853670909091,-88.22964377272727,11,continuous_variable,1.7147442354925602e-09,2.7100228727761078e-09,1.0,new,1.0,False,False,True
allsky,tile1,42.07506888,-88.17723956,10,continuous_variable,4.9945850122412594e-08,1.1188892035107756e-09,1.0,new,1.0,False,False,True
allsky,tile1,40.82586105555555,-88.01828246666668,9,continuous_variable,2.3939337623346546e-08,5.30573140977708e-10,1.0,new,1.0,False,False,True
allsky,tile1,48.10301705,-88.02924886666666,12,continuous_variable,1.6513652667526912e-07,1.2651986125433725e-08,0.9999998807907104,new,0.9999998807907104,False,False,True
allsky,tile1,60.47734835,-88.39436611250001,8,continuous_variable,1.1933734889169044e-08,1.436750522998409e-07,0.9999998807907104,new,0.9999998807907104,False,False,True
allsky,tile0,34.34912597,-88.28235332999999,10,continuous_variable,2.964035559216427e-07,5.7869378622399394e-08,0.9999997615814208,new,0.9999997615814208,False,False,True
allsky,tile0,8.627248688888889,-88.03267553333335,9,continuous_variable,2.5902679112732585e-07,2.6722506873966267e-08,0.9999997615814208,new,0.9999997615814208,False,False,True
allsky,tile1,55.07336071666668,-88.42679055,12,continuous_variable,9.272191192621905e-08,1.824863460342385e-07,0.9999996423721312,new,0.9999996423721312,False,False,True
